{"cameraMode":{"drawMode":0,"name":"Shaded","section":"Shading Mode"},"sceneLighting":true,"audioPlay":false,"sceneViewState":{"m_AlwaysRefresh":false,"showFog":true,"showSkybox":true,"showFlares":true,"showImageEffects":true,"showParticleSystems":true,"showVisualEffectGraphs":true,"m_FxEnabled":true},"in2DMode":false,"pivot":{"x":39.39907455444336,"y":-10.672905921936036,"z":4022.328369140625},"rotation":{"x":0.037227682769298556,"y":-0.6980651021003723,"z":0.036595217883586887,"w":0.7145578265190125},"size":27.386127471923829,"orthographic":false}