{"cameraMode":{"drawMode":0,"name":"Shaded","section":"Shading Mode"},"sceneLighting":false,"audioPlay":false,"sceneViewState":{"m_AlwaysRefresh":false,"showFog":true,"showSkybox":false,"showFlares":true,"showImageEffects":true,"showParticleSystems":true,"showVisualEffectGraphs":true,"m_FxEnabled":true},"in2DMode":false,"pivot":{"x":-17.631698608398439,"y":-6.488368988037109,"z":23.397918701171876},"rotation":{"x":0.06708026677370072,"y":-0.6873985528945923,"z":0.06427907198667526,"w":0.7207562327384949},"size":13.335380554199219,"orthographic":false}