{"cameraMode":{"drawMode":0,"name":"Shaded","section":"Shading Mode"},"sceneLighting":false,"audioPlay":false,"sceneViewState":{"m_AlwaysRefresh":false,"showFog":true,"showSkybox":false,"showFlares":true,"showImageEffects":true,"showParticleSystems":true,"showVisualEffectGraphs":true,"m_FxEnabled":true},"in2DMode":false,"pivot":{"x":0.036810554563999179,"y":0.0245671309530735,"z":-0.011652901768684388},"rotation":{"x":-0.001442536129616201,"y":-0.9949873685836792,"z":0.1024530902504921,"w":-0.011654984205961228},"size":0.08758322894573212,"orthographic":false}